{
  "roc_auc": 1.0,
  "feature_importance": {
    "velocity_last_hour": 0.2924816512410381,
    "distance_from_home_km": 0.26934715805767956,
    "is_international": 0.16866454510130688,
    "location_mismatch": 0.10930225820031415,
    "failed_attempts_today": 0.09824695992085573,
    "amount": 0.04771751284963532,
    "merchant_category_encoded": 0.009620087330930489,
    "hour_of_day": 0.00375990758865864,
    "day_of_week": 0.0007901274448886207,
    "prev_txn_amount": 4.44539834961865e-05,
    "account_age_days": 2.5338281196380054e-05
  },
  "threshold": 0.5
}